Grupo;Vinho;ID Merchant;Preço Merchant;Ainda tenho? (SIM/NÃO)
Esgotado no site;Azeite Extra Virgem Adega de Borba 500ml.;9013504434551963298;R$95,00;
Esgotado no site;Azeite Extra Virgem Mouchão Courellas 500ml;1291;R$169,00;
Esgotado no site;Azeite Mouchão Galega 500ml;2429474217192199863;R$198,00;
Esgotado no site;Beaune 1er Cru Clos Des Ursules 2011- Louis Jadot;1181;R$2.025,02;
Esgotado no site;Brunello di Montalcino DOCG 2017 Pian delle Vigne;17765209003942048879;R$1.068,86;
Esgotado no site;Brunello di Montalcino Fattoria dei Barbi DOCG 2017;1600;R$1.098,01;
Esgotado no site;Brunello di Montalcino Riserva 'Vigna Ferrovia' 2015 Pian delle Vigne;1461;R$2.435,87;
Esgotado no site;Castello della Sala 'Cervaro della Sala' Umbria IGT 2021;1465;R$1.259,86;
Esgotado no site;Chablis Grand Cru 'Les Preuses' Domaine Gueguen 2020;1120;R$1.278,01;
Esgotado no site;Champagne Veuve Clicquot Ponsardin Vintage Brut 2012;15041380413212579912;R$827,86;
Esgotado no site;Chianti Classico Gran Selezione DOCG Badia a Passignano 2019;5602368762355271802;R$934,67;
Esgotado no site;Château Croix des Rouzes 2019 - Pomerol;9753471863502552139;R$627,01;
Esgotado no site;Château Rouget 2018 Pomerol;1417048127156727430;R$1.492,01;
Esgotado no site;Château Virgile Costières de Nîmes DOP 2020;1656;R$110,85;
Esgotado no site;Dom Perignon P2 Plenitude 2003;1439;R$5.350,05;
Esgotado no site;Dom Pérignon P2 Rosé Plénitude 2000;1438;R$15.661,01;
Esgotado no site;González Byass Alfonso Oloroso Seco Sherry;1254;R$229,00;
Esgotado no site;Guado al Tasso Bolgheri DOC Superiore 2017;9708788592510077440;R$2.195,02;
Esgotado no site;IL Poggione Bianco di Toscana 2021;1415;R$145,00;
Esgotado no site;Krug Vintage 2006 Brut;1442;R$3.729,64;
Esgotado no site;Louis Latour Corton-Charlemagne Grand Cru 2018 Cote de Beaune;13928964768022421002;R$4.120,00;
Esgotado no site;Malbec Gualtallary AltaLuvia 2018;1309;R$365,00;
Esgotado no site;Marqués de Murrieta Castillo Ygay Branco 1986;1781;R$16.385,16;
Esgotado no site;Marqués de Riscal Gran Reserva 2017;17614195207621712639;R$768,86;
Esgotado no site;Masi Mazzano Amarone della Valpolicella Classico DOCG 2012;1671;R$2.839,88;
Esgotado no site;Mt. George Merlot Silverado Vineyards 2018 Napa Valley;1507;R$910,01;
Esgotado no site;Pieno Sud Bianco Terre Siciliane Igt 2021;1311;R$135,00;
Esgotado no site;Rosso di Montalcino 2019 Pian delle Vigne;1463;R$375,00;
Esgotado no site;Shiraz The Dead Arm 2019 d'Arenberg;2316857023288491637;R$785,86;
Esgotado no site;Vermentino Di Sardegna DOC Sella & Mosca 2022;1602;R$165,85;
Fora do feed (Google leu do site);Capellanía Blanco Reserva 2017;10642844968957310559;R$1.099,01;
Fora do feed (Google leu do site);Cepa 21 Bodegas 2018 - D.O. Ribera del Duero;8450643712316927136;R$389,00;
Fora do feed (Google leu do site);Grappa di Tazzelenghe 500ml.;3742625384718736373;R$698,86;
Fora do feed (Google leu do site);Louis Latour Bourgogne Pinot Noir 2020 375ml.;2398548658417889391;R$339,00;
Fora do feed (Google leu do site);M.Chapoutier Tournon Landborough Chardonnay 2022;18286857558664451679;R$395,85;
Fora do feed (Google leu do site);M.Chapoutier Tournon Mathilda Viognier Marsanne 2019;16555136679860531229;R$245,00;
Fora do feed (Google leu do site);Marchesi Antinori Villa Antinori Toscana IGT 2020;7925256635694546430;R$329,00;
Fora do feed (Google leu do site);Montes Alpha Special Cuvée Cabernet Sauvignon 2021;14079309965663902074;R$325,85;
Fora do feed (Google leu do site);Montes Alpha Special Cuvée Chardonnay 2020;17872620817573252422;R$325,85;
Fora do feed (Google leu do site);Papa Figos Douro DOC Branco 2019 Casa Ferreirinha;12736098745939198856;R$235,00;
Fora do feed (Google leu do site);Paul Cluver Noble Late Harvest 2020 Sobremesa;2446552737056373164;R$425,85;
Fora do feed (Google leu do site);Pittacum Aurea 2016;15301991390619589638;R$875,01;
Fora do feed (Google leu do site);Pouilly Fumé Clos Joanne d 'Orion 2020 Domaine Gitton;3206128081162334243;R$395,00;
Fora do feed (Google leu do site);Quinta da Falorca Garrafeira 2017;17549854762253485569;R$1.350,86;
Fora do feed (Google leu do site);Roma Rosso Collezione Oro 2021;15074482509849708013;R$175,65;
