ID Merchant;Título;Preço Merchant;Status;Ação sugerida
2316857023288491637;Shiraz The Dead Arm 2019 d'Arenberg;R$785,86;ESGOTADO | ID fora do feed do site;Repor estoque ou tirar da campanha | Possível duplicado de 1582 (The Footbolt Shiraz d'Arenberg 2019, R$318,85)
9753471863502552139;Château Croix des Rouzes 2019 - Pomerol;R$627,01;ESGOTADO | ID fora do feed do site;Repor estoque ou tirar da campanha | Verificar origem (criado automaticamente pelo Google?)
1415;IL Poggione Bianco di Toscana 2021;R$145,00;ESGOTADO;Repor estoque ou tirar da campanha
1291;Azeite Extra Virgem Mouchão Courellas 500ml;R$169,00;ESGOTADO;Repor estoque ou tirar da campanha
1254;González Byass Alfonso Oloroso Seco Sherry;R$229,00;ESGOTADO | Sem safra no título;Repor estoque ou tirar da campanha
17614195207621712639;Marqués de Riscal Gran Reserva 2017;R$768,86;ESGOTADO | ID fora do feed do site;Repor estoque ou tirar da campanha | Verificar origem (criado automaticamente pelo Google?)
1465;Castello della Sala 'Cervaro della Sala' Umbria IGT 2021;R$1.259,86;ESGOTADO;Repor estoque ou tirar da campanha
5602368762355271802;Chianti Classico Gran Selezione DOCG Badia a Passignano 2019;R$934,67;ESGOTADO | ID fora do feed do site;Repor estoque ou tirar da campanha | Verificar origem (criado automaticamente pelo Google?)
1439;Dom Perignon P2 Plenitude 2003;R$5.350,05;ESGOTADO;Repor estoque ou tirar da campanha
1438;Dom Pérignon P2 Rosé Plénitude 2000;R$15.661,01;ESGOTADO;Repor estoque ou tirar da campanha
1781;Marqués de Murrieta Castillo Ygay Branco 1986;R$16.385,16;ESGOTADO;Repor estoque ou tirar da campanha
1463;Rosso di Montalcino 2019 Pian delle Vigne;R$375,00;ESGOTADO;Repor estoque ou tirar da campanha
9013504434551963298;Azeite Extra Virgem Adega de Borba 500ml.;R$95,00;ESGOTADO | ID fora do feed do site;Repor estoque ou tirar da campanha | Possível duplicado de 1503 (Azeite Extra Virgem Pintas 500ml, R$175,85)
1671;Masi Mazzano Amarone della Valpolicella Classico DOCG 2012;R$2.839,88;ESGOTADO;Repor estoque ou tirar da campanha
1311;Pieno Sud Bianco Terre Siciliane Igt 2021;R$135,00;ESGOTADO;Repor estoque ou tirar da campanha
1309;Malbec Gualtallary AltaLuvia 2018;R$365,00;ESGOTADO;Repor estoque ou tirar da campanha
1507;Mt. George Merlot Silverado Vineyards 2018 Napa Valley;R$910,01;ESGOTADO;Repor estoque ou tirar da campanha
13928964768022421002;Louis Latour Corton-Charlemagne Grand Cru 2018 Cote de Beaune;R$4.120,00;ESGOTADO | ID fora do feed do site;"Repor estoque ou tirar da campanha | Possível duplicado de 1155 (Louis Jadot Corton-Charlemagne Grand Cru ""Domaine des Heritiers"" 2018, R$5.903,06)"
1600;Brunello di Montalcino Fattoria dei Barbi DOCG 2017;R$1.098,01;ESGOTADO;Repor estoque ou tirar da campanha
17765209003942048879;Brunello di Montalcino DOCG 2017 Pian delle Vigne;R$1.068,86;ESGOTADO | ID fora do feed do site;Repor estoque ou tirar da campanha | Possível duplicado de 1461 (Brunello di Montalcino Riserva 'Vigna Ferrovia' 2015 Pian delle Vigne, R$2.435,87)
15041380413212579912;Champagne Veuve Clicquot Ponsardin Vintage Brut 2012;R$827,86;ESGOTADO | ID fora do feed do site;Repor estoque ou tirar da campanha | Verificar origem (criado automaticamente pelo Google?)
2429474217192199863;Azeite Mouchão Galega 500ml;R$198,00;ESGOTADO | ID fora do feed do site;"Repor estoque ou tirar da campanha | Possível duplicado de 1492 (Azeite Extra Virgem ""Galega"" Herdade do Esporão 500ml, R$115,00)"
1656;Château Virgile Costières de Nîmes DOP 2020;R$110,85;ESGOTADO;Repor estoque ou tirar da campanha
1442;Krug Vintage 2006 Brut;R$3.729,64;ESGOTADO;Repor estoque ou tirar da campanha
1120;Chablis Grand Cru 'Les Preuses' Domaine Gueguen 2020;R$1.278,01;ESGOTADO;Repor estoque ou tirar da campanha
1461;Brunello di Montalcino Riserva 'Vigna Ferrovia' 2015 Pian delle Vigne;R$2.435,87;ESGOTADO;Repor estoque ou tirar da campanha
1602;Vermentino Di Sardegna DOC Sella & Mosca 2022;R$165,85;ESGOTADO;Repor estoque ou tirar da campanha
1417048127156727430;Château Rouget 2018 Pomerol;R$1.492,01;ESGOTADO | ID fora do feed do site;Repor estoque ou tirar da campanha | Possível duplicado de 1170 (Château Le Carillon de Rouget 2018 Pomerol, R$656,01)
9708788592510077440;Guado al Tasso Bolgheri DOC Superiore 2017;R$2.195,02;ESGOTADO | ID fora do feed do site;Repor estoque ou tirar da campanha | Possível duplicado de 1551 (Ornellaia 2017 Bolgheri DOC Superiore Rosso, R$4.895,90)
1181;Beaune 1er Cru Clos Des Ursules 2011- Louis Jadot;R$2.025,02;ESGOTADO;Repor estoque ou tirar da campanha
3206128081162334243;Pouilly Fumé Clos Joanne d 'Orion 2020 Domaine Gitton;R$395,00;ID fora do feed do site;Verificar origem (criado automaticamente pelo Google?)
2446552737056373164;Paul Cluver Noble Late Harvest 2020 Sobremesa;R$425,85;ID fora do feed do site;Verificar origem (criado automaticamente pelo Google?)
12736098745939198856;Papa Figos Douro DOC Branco 2019 Casa Ferreirinha;R$235,00;ID fora do feed do site;Verificar origem (criado automaticamente pelo Google?)
15301991390619589638;Pittacum Aurea 2016;R$875,01;ID fora do feed do site;Verificar origem (criado automaticamente pelo Google?)
16555136679860531229;M.Chapoutier Tournon Mathilda Viognier Marsanne 2019;R$245,00;ID fora do feed do site;Verificar origem (criado automaticamente pelo Google?)
8450643712316927136;Cepa 21 Bodegas 2018 - D.O. Ribera del Duero;R$389,00;ID fora do feed do site;Verificar origem (criado automaticamente pelo Google?)
17549854762253485569;Quinta da Falorca Garrafeira 2017;R$1.350,86;ID fora do feed do site;Verificar origem (criado automaticamente pelo Google?)
15074482509849708013;Roma Rosso Collezione Oro 2021;R$175,65;ID fora do feed do site;Verificar origem (criado automaticamente pelo Google?)
3742625384718736373;Grappa di Tazzelenghe 500ml.;R$698,86;ID fora do feed do site;Verificar origem (criado automaticamente pelo Google?)
18286857558664451679;M.Chapoutier Tournon Landborough Chardonnay 2022;R$395,85;ID fora do feed do site;Verificar origem (criado automaticamente pelo Google?)
14079309965663902074;Montes Alpha Special Cuvée Cabernet Sauvignon 2021;R$325,85;ID fora do feed do site;Possível duplicado de 1720 (Montes Alpha Cabernet Sauvignon 2021, R$285,85)
17872620817573252422;Montes Alpha Special Cuvée Chardonnay 2020;R$325,85;ID fora do feed do site;Possível duplicado de 1715 (Montes Alpha Special Cuvée Sauvignon Blanc 2020, R$325,85)
7925256635694546430;Marchesi Antinori Villa Antinori Toscana IGT 2020;R$329,00;ID fora do feed do site;Possível duplicado de 1556 (Villa Antinori Toscana IGT Bianco 2020, R$225,00)
10642844968957310559;Capellanía Blanco Reserva 2017;R$1.099,01;ID fora do feed do site;Verificar origem (criado automaticamente pelo Google?)
2398548658417889391;Louis Latour Bourgogne Pinot Noir 2020 375ml.;R$339,00;ID fora do feed do site;Possível duplicado de 1178 (Louis Latour Bourgogne Pinot Noir 2020, R$375,00)
1559;Barca-Velha Douro DOC Casa Ferreirinha;R$12.296,00;Sem safra no título;
1533;Taylor Fladgate 30 Year Old Tawny Porto;R$1.299,01;Sem safra no título;
1532;Taylor Fladgate 20 Year Old Tawny Porto;R$688,01;Sem safra no título;
1534;Taylor Fladgate 40 Year Old Tawny Porto;R$1.898,87;Sem safra no título;
1693;La Rioja Alta S.A. Gran Reserva 890;R$4.996,00;Sem safra no título;
1691;La Rioja Alta S.A. Gran Reserva 904;R$1.809,00;Sem safra no título;
1592;Veuve Clicquot Ponsardin Rosé;R$678,01;Sem safra no título;
1428;Veuve Clicquot Demi-Sec;R$598,01;Sem safra no título;
1788;Gonzalez Byass Tio Pepe Fino Muy Seco Sherry;R$229,00;Sem safra no título;
1320;Prosecco di Valdobbiadene Superiore DOCG Canevel;R$265,00;Sem safra no título;
1531;Taylor Fladgate 10 Year Old Tawny Porto;R$425,85;Sem safra no título;
1529;"Taylor Fladgate ""Select"" Reserva Porto Ruby";R$198,85;Sem safra no título;
1514;Opus One Overture Napa Valley;R$2.890,03;Sem safra no título;
1290;"Quinta do Crasto ""Vilha Maria Teresa"" 2018";R$3.246,03;OK (aprovado, sem campanha);
1451;Penfolds Grange Bin 95 Shiraz 2018;R$11.857,00;OK (aprovado, sem campanha);
1797;Château La Borie Côtes du Rhone Villages 2019;R$232,00;OK (aprovado, sem campanha);
1793;Don Melchor Cabernet Sauvignon 2022;R$1.185,00;OK (aprovado, sem campanha);
1683;Château Le Peyrat La Chapelle 2018;R$165,00;OK (aprovado, sem campanha);
1236;Altos Ibéricos Reserva Rioja DOC 2019;R$260,00;OK (aprovado, sem campanha);
1289;"Quinta do Crasto ""Vilha da Ponte 2016";R$2.998,03;OK (aprovado, sem campanha);
1217;Solengo Toscana IGT 2022;R$1.245,00;OK (aprovado, sem campanha);
1766;Marichal Reserve Collection Chardonnay 2022;R$165,85;OK (aprovado, sem campanha);
1375;Pintas Character Tinto 2018 Douro;R$485,00;OK (aprovado, sem campanha);
1678;Domaine Ott Étoile Rosé 2020;R$1.785,87;OK (aprovado, sem campanha);
1340;Chateau Margaux 1er Grand Cru Classé 2004;R$12.350,12;OK (aprovado, sem campanha);
1260;Dona Maria Júlio Bastos Touriga Nacional Reserva 2018;R$359,00;OK (aprovado, sem campanha);
1472;Herdade do Mouchão Dom Rafael Tinto 2019;R$198,85;OK (aprovado, sem campanha);
1608;Champagne Dom Pérignon Vintage 2015 - 98 Pontos JS;R$1.856,00;OK (aprovado, sem campanha);
1138;Rosso di Toscana IL Poggione 2021;R$196,00;OK (aprovado, sem campanha);
1537;Bodegas Emilio Moro Clon de la Familia 2009;R$7.898,93;OK (aprovado, sem campanha);
1720;Montes Alpha Cabernet Sauvignon 2021;R$285,85;OK (aprovado, sem campanha);
1636;Bodegas Muga Reserva - Crianza 2019;R$312,00;OK (aprovado, sem campanha);
1604;Crémant de Bourgogne Bailly Lapierre Brut Réserve;R$268,00;OK (aprovado, sem campanha);
1279;Brunello di Montalcino D.O.C.G Riserva 2012 Argiano;R$3.250,03;OK (aprovado, sem campanha);
1551;Ornellaia 2017 Bolgheri DOC Superiore Rosso;R$4.895,90;OK (aprovado, sem campanha);
1515;Caymus Vineyards Special Selection Cabernet Sauvignon 2017;R$2.235,87;OK (aprovado, sem campanha);
1686;Tapada do Chaves Vinhas Velhas Tinto 2016;R$1.435,86;OK (aprovado, sem campanha);
1490;Vinho Tinto Português Cartuxa Reserva 2018 Alentejo;R$525,86;OK (aprovado, sem campanha);
1333;Brunello Di Montalcino D.O.C.G Bersaglio 2018;R$626,86;OK (aprovado, sem campanha);
1769;Quinta dos Carvalhais Touriga Nacional 2017;R$549,86;OK (aprovado, sem campanha);
1653;Côtes du Rhône Terre de Mistral 2020;R$135,00;OK (aprovado, sem campanha);
1169;Château Le C des Carmes Haut-Brion 2020;R$699,01;OK (aprovado, sem campanha);
1214;"Chianti Docg ""Borgo al Pascolo"" Nuova Generazione 2020";R$189,00;OK (aprovado, sem campanha);
1660;Dom Martinho by Quinta do Carmo Tinto 2020;R$178,00;OK (aprovado, sem campanha);
1574;"Cabernet Sauvignon Sophenia ""Synthesis"" 2020 Valley de Uco";R$365,00;OK (aprovado, sem campanha);
1609;Champagne Moët & Chandon Brut Impérial Brut;R$489,00;OK (aprovado, sem campanha);
1261;Dona Maria Júlio Bastos Alicante Bouschet 2016;R$1.585,02;OK (aprovado, sem campanha);
1314;Spiegelau Definition Bordeaux 750ml. Caixa c/2 Taças;R$740,00;OK (aprovado, sem campanha);
1661;Dom Martinho by Quinta do Carmo Branco 2021;R$178,00;OK (aprovado, sem campanha);
794;IL Bruciato Bolgheri 2021 Guado al Tasso;R$498,01;OK (aprovado, sem campanha);
1287;Ramos Pinto Duas Quintas Reserva Tinto 2018;R$649,01;OK (aprovado, sem campanha);
1644;Primitivo di Manduria DOP La Pruina 2021;R$245,00;OK (aprovado, sem campanha);
1156;Chablis A.O.C - Louis Latour 2022;R$425,00;OK (aprovado, sem campanha);
1247;Vinho Emilio Moro Malleolus Sanchomartín 2019;R$2.158,00;OK (aprovado, sem campanha);
1585;Champagne Louis Roederer Blanc de Blancs Brut 2015;R$1.252,00;OK (aprovado, sem campanha);
1211;"Barbaresco D.O.C.G ""Roncaglie"" Masseria 2018 Vietti";R$1.485,01;OK (aprovado, sem campanha);
1627;Marqués de Murrieta Castillo Ygay Gran Reserva Especial 2011;R$3.795,89;OK (aprovado, sem campanha);
1223;Brunello Di Montalcino D.O.C.G Argiano 2019;R$998,85;OK (aprovado, sem campanha);
1706;Prunotto Occhetti Langhe Nebbiolo 2017;R$329,85;OK (aprovado, sem campanha);
1140;Château Los Boldos Carbenet Sauvignon Grande Reserva 2019;R$195,00;OK (aprovado, sem campanha);
1672;Rosa dei Masi Rosato Trevenezie IGT 2018;R$279,00;OK (aprovado, sem campanha);
1191;Châteauneuf-du-Pape Domaine de Nalys-Grand Vin 2018;R$1.410,01;OK (aprovado, sem campanha);
1649;Château Mongravey Cru Bourgeois Supérieur 2018 Margaux;R$660,01;OK (aprovado, sem campanha);
1597;Champagne Veuve Clicquot La Grande Dame by Paola Paronetto 2015;R$1.858,87;OK (aprovado, sem campanha);
1503;Azeite Extra Virgem Pintas 500ml;R$175,85;OK (aprovado, sem campanha);
1180;Louis Latour Marsannay 2019;R$457,00;OK (aprovado, sem campanha);
1530;Taylor Fladgate Late Bottled Vintage (LBV) 2017;R$410,00;OK (aprovado, sem campanha);
1517;Penfolds Koonunga Hill Shiraz -Cabernet 2020;R$285,00;OK (aprovado, sem campanha);
1453;Castello della Sala Conte della Vipera Umbria IGT 2021;R$435,00;OK (aprovado, sem campanha);
1185;Valmoissine Pinot Noir 2019 Louis Latour;R$225,00;OK (aprovado, sem campanha);
1560;Quinta da Leda Douro DOC 2017 Casa Ferreirinha;R$1.139,00;OK (aprovado, sem campanha);
1192;Côte-Rôtie La Landonne 2010 Etienne Guigal;R$8.199,08;OK (aprovado, sem campanha);
1202;Amarone della Valpolicella Docg Clássico 2017 Luciano Arduini;R$560,01;OK (aprovado, sem campanha);
1564;Vinha Grande Douro Branco 2020 Casa Ferreirinha;R$225,00;OK (aprovado, sem campanha);
1610;Moët & Chandon Impérial Rosé Brut;R$678,01;OK (aprovado, sem campanha);
1677;Domaine Ott Clos Mireille Blanc de Blanc Provence 2021;R$619,86;OK (aprovado, sem campanha);
1556;Villa Antinori Toscana IGT Bianco 2020;R$225,00;OK (aprovado, sem campanha);
1492;"Azeite Extra Virgem ""Galega"" Herdade do Esporão 500ml";R$115,00;OK (aprovado, sem campanha);
1521;Jim Barry The Armagh Shiraz 2017;R$4.210,04;OK (aprovado, sem campanha);
1420;Sauvignon Blanc Petit Le Mont 2022 Val de Loire;R$175,00;OK (aprovado, sem campanha);
1638;Côtes de Provence La Source Gabriel Rosé 2023;R$175,00;OK (aprovado, sem campanha);
1655;Pinot Grigio Rosato IGT Cá Lunghetta 2023;R$116,00;OK (aprovado, sem campanha);
1132;"Dolcetto d'Alba ""Tre Vigne"" 2021 Vietti";R$294,00;OK (aprovado, sem campanha);
1527;Robert Mondav Cabernet Sauvignon Reserve Nappa Valley 2018;R$2.350,02;OK (aprovado, sem campanha);
1752;Klein Constantia Estate Sauvignon Blanc 2020;R$265,85;OK (aprovado, sem campanha);
1259;Dona Maria Tinto 2018 Alentejo;R$225,00;OK (aprovado, sem campanha);
1370;Louis Latour Bourgogne Chardonnay 2023;R$312,00;OK (aprovado, sem campanha);
1622;Château de la Tour de L'Évêque Pétale de Rosé 2022;R$295,85;OK (aprovado, sem campanha);
1641;Chianti Classico Riserva DOCG IL Poggio San Felice 2019 Magnum;R$798,01;OK (aprovado, sem campanha);
1196;Roero Arneis D.O.C.G 2022 Vietti;R$320,00;OK (aprovado, sem campanha);
1501;Vinho Tinto Português Cartuxa Colheita 2019 Alentejo;R$299,00;OK (aprovado, sem campanha);
1633;"Bodegas Muga ""Torre"" de Muga 2019";R$1.425,00;OK (aprovado, sem campanha);
1157;"Chablis ""Blanchot"" Grand Cru Louis Jadot 2018";R$1.495,02;OK (aprovado, sem campanha);
1430;Chablis Domaine Race 2022;R$320,00;OK (aprovado, sem campanha);
1457;Ampio Delle Mortelle Toscana IGT 2016 Marchesi Antinori;R$4.098,04;OK (aprovado, sem campanha);
1632;Bodegas Muga Selección Especial Reserva 2018;R$495,00;OK (aprovado, sem campanha);
1273;Bacalhôa Chardonnay Branco 2022 Península de Setúbal;R$285,00;OK (aprovado, sem campanha);
1244;"Bodegas Emilio Moro ""Malleolus""2020";R$537,00;OK (aprovado, sem campanha);
1753;Klein Constantia Estate Red Blend 2019;R$392,85;OK (aprovado, sem campanha);
1498;Azeite Extra Virgem EA-Cartuxa 3L;R$397,00;OK (aprovado, sem campanha);
1698;Marqués de Riscal Reserva Rioja 2018;R$358,85;OK (aprovado, sem campanha);
1519;Jim Barry Cover Drive Cabernet Sauvignon 2020;R$325,00;OK (aprovado, sem campanha);
1477;"Quinta do Crasto ""Flor de Crasto"" Branco 2021";R$125,00;OK (aprovado, sem campanha);
1269;Villa Rosa Gran Reserva Tinto 2022;R$378,00;OK (aprovado, sem campanha);
1357;Alsace Riesling Réserve Hunawhir 2021;R$195,00;OK (aprovado, sem campanha);
1176;Louis Latour Château Corton Grancey Grand Cru 2017;R$2.485,02;OK (aprovado, sem campanha);
1581;M.Chapoutier Tournon Shay's Flat Vineyard Shiraz 2021;R$395,85;OK (aprovado, sem campanha);
1773;Quinta dos Carvalhais Único 2017;R$2.055,00;OK (aprovado, sem campanha);
1718;Montes Alpha Taita Marchigüe 2017;R$2.945,03;OK (aprovado, sem campanha);
1675;Domaine Ott By.Ott Rosé Côte de Provence 2021;R$325,00;OK (aprovado, sem campanha);
1250;Bodegas Cepa 21 Hito 2018;R$239,00;OK (aprovado, sem campanha);
1161;"Condrieu ""Coeur de Roncharde"" Domaine Rémi Niero 2019";R$1.178,01;OK (aprovado, sem campanha);
1487;Roquette & Cazes 2021;R$369,00;OK (aprovado, sem campanha);
1310;Bodegas Campos Reales Canfo Sauvignon Blanc - Airén 2021;R$135,00;OK (aprovado, sem campanha);
1528;Robert Mondavi Oakville Cabernet Sauvignon 2018;R$1.315,01;OK (aprovado, sem campanha);
1750;Sauvignon Blanc Arniston Bay 2023;R$235,85;OK (aprovado, sem campanha);
1262;"Dona Maria Júlio Bastos ""Arinto"" Branco 2021";R$359,00;OK (aprovado, sem campanha);
1282;"Quinta do Crasto ""Flor de Crasto"" Tinto 2021 Magmun";R$266,00;OK (aprovado, sem campanha);
1589;Laurent-Perrier Cuvée Rosé Brut;R$1.630,93;OK (aprovado, sem campanha);
1524;Haras de Pirque Galantas Gran Reserva Cabernet Franc 2018;R$385,00;OK (aprovado, sem campanha);
1447;Penfolds Bin 407 Cabernet Sauvignon 2018;R$1.387,86;OK (aprovado, sem campanha);
1481;"Quinta do Crasto ""Crasto"" Tinto 2021";R$189,00;OK (aprovado, sem campanha);
1550;Vermentino di Bolgheri DOC 2020 Guado Al tasso;R$358,00;OK (aprovado, sem campanha);
1674;Masi Brolo Campofiorin Rosso del Veronese IGT 2018;R$865,01;OK (aprovado, sem campanha);
1699;Cortes de Cima Incógnito 2020;R$1.385,86;OK (aprovado, sem campanha);
1789;Almaviva Puente Alto 2022;R$1.786,00;OK (aprovado, sem campanha);
1475;Herdade do Mouchão Tinto 2016;R$641,00;OK (aprovado, sem campanha);
1205;"Langhe DOC Nebbiolo 2020""Perbacco"" Vietti";R$368,90;OK (aprovado, sem campanha);
1707;Barbaresco DOCG Prunotto 2017;R$554,86;OK (aprovado, sem campanha);
1625;Viña Olabarri Gran Reserva 2015 Rioja;R$398,00;OK (aprovado, sem campanha);
1224;Brunello Di Montalcino D.O.C.G 2017 La Magia;R$765,01;OK (aprovado, sem campanha);
1751;Iona Sophie Le Rosé 2021 Rosé;R$185,85;OK (aprovado, sem campanha);
1552;Grappa di Bolgheri Sassicaia;R$1.855,87;OK (aprovado, sem campanha);
1424;Etienne Guigal Côtes du Rhône Blanc 2020;R$229,00;OK (aprovado, sem campanha);
1787;Cava Juvé & Camps Reserva de La Familia Gran Reserva Brut Nature – 2018;R$345,85;OK (aprovado, sem campanha);
1189;Châteauneuf du Pape À La Gloire de mon Grand Père 2019;R$778,01;OK (aprovado, sem campanha);
1467;Vinho Branco Pêra-Manca DOC Alentejo Évora 2021;R$871,00;OK (aprovado, sem campanha);
1183;Louis Jadot Nuits-Saint-Georges 2019;R$1.040,01;OK (aprovado, sem campanha);
1408;Le Volte dell’Ornellaia Toscana IGT Rosso 2021;R$465,00;OK (aprovado, sem campanha);
1518;Penfolds Koonunga Hill Shiraz 2020;R$285,00;OK (aprovado, sem campanha);
1651;Château La Croix Cantenac 2021 Saint Émilion Grand Cru;R$335,85;OK (aprovado, sem campanha);
1712;Prunotto Bric Turot Barbaresco 2019;R$986,86;OK (aprovado, sem campanha);
1785;Achaval Ferrer Quimera 2019;R$393,00;OK (aprovado, sem campanha);
1281;Brunello di Montalcino Riserva Vigna Paganelli 2015;R$1.210,01;OK (aprovado, sem campanha);
1599;Brunello Di Montalcino DOCG Riserva 2015 Fattoria Barbi;R$1.932,87;OK (aprovado, sem campanha);
1648;Brunello di Montalcino DOCG Il Poggione 2019;R$820,00;OK (aprovado, sem campanha);
1338;Etienne Guigal Côtes du Rhône Rosé 2020;R$210,00;OK (aprovado, sem campanha);
1312;Chardonnay Bramito Umbria 2022 Castello della Sala;R$410,00;OK (aprovado, sem campanha);
1663;Quinta do Carmo Branco 2021;R$256,00;OK (aprovado, sem campanha);
1297;Crux Malbec 2019 Valle de Uco;R$165,00;OK (aprovado, sem campanha);
1178;Louis Latour Bourgogne Pinot Noir 2020;R$375,00;OK (aprovado, sem campanha);
1474;Herdade do Mouchão Ponte Tinto 2017;R$325,85;OK (aprovado, sem campanha);
1182;Louis Jadot Clos Vougeot Grand Cru 2015;R$4.725,05;OK (aprovado, sem campanha);
1436;Champagne Ruinart Brut Rosé;R$865,01;OK (aprovado, sem campanha);
1611;Moët & Chandon Brut Impérial Jeroboam 3L;R$3.175,00;OK (aprovado, sem campanha);
1659;Barbaresco Autinbej Cá del Baio 2019;R$450,00;OK (aprovado, sem campanha);
1786;Cava Juvé & Camps Essential Púrpura Reserva Brut 2019 750ml;R$259,85;OK (aprovado, sem campanha);
1784;Achaval Ferrer Finca Mirador Malbec 2014;R$685,01;OK (aprovado, sem campanha);
1705;Tormaresca 'Calafuria' Negroamaro Rosato Salento IGT 2022;R$268,25;OK (aprovado, sem campanha);
1280;Brunello di Montalcino Riserva Vigna Paganelli 2016;R$1.375,01;OK (aprovado, sem campanha);
1697;Marqués de Riscal Finca Torrea D.O Ca. Rioja 2018;R$423,69;OK (aprovado, sem campanha);
1283;"Ramos Pinto ""Duas Quintas"" Branco 2021";R$245,00;OK (aprovado, sem campanha);
1198;Vermentino Toscano IGT 2020 BellOvile Serego Alighieri;R$285,00;OK (aprovado, sem campanha);
1267;Villa Rosa Bairrada DOC Reserva Tinto 2019;R$169,00;OK (aprovado, sem campanha);
1248;"Bodegas Emilio Moro Malleolus de ""Valderramiro"" 2018";R$1.628,00;OK (aprovado, sem campanha);
1221;Rosso di Montalcino D.O.C Bersaglio 2019;R$295,00;OK (aprovado, sem campanha);
1215;Chianti Rúfina DOCG Tegolaia Riserva 2019 Travignoli;R$275,00;OK (aprovado, sem campanha);
1491;"Azeite Extra Virgem ""Seleção"" Herdade do Esporão 500ml";R$119,85;OK (aprovado, sem campanha);
1587;Louis Roederer Rosé Brut Millésime 2016;R$1.125,00;OK (aprovado, sem campanha);
1668;Quinta da Bacalhôa Tinto 2018;R$358,85;OK (aprovado, sem campanha);
1478;"Quinta do Crasto ""Crasto"" Branco 2021";R$185,00;OK (aprovado, sem campanha);
1700;Cortes de Cima Tinto 2017 Alentejo;R$325,85;OK (aprovado, sem campanha);
1717;Montes Alpha M 2020;R$1.450,01;OK (aprovado, sem campanha);
1543;La Massa Toscana IGT 2020;R$348,00;OK (aprovado, sem campanha);
1303;Achaval Ferrer Malbec 2018;R$232,00;OK (aprovado, sem campanha);
1767;Garzón Petit Clos Cabernet Franc 2017;R$568,01;OK (aprovado, sem campanha);
1557;Louis Roederer Cristal Brut 2016;R$3.810,00;OK (aprovado, sem campanha);
1495;Louis Latour Macon-Lugny Les Genievres 2020;R$289,00;OK (aprovado, sem campanha);
1239;Viña Del Oja Gran Reserva 2014;R$575,01;OK (aprovado, sem campanha);
1238;Viña Del Oja Reserva 2016;R$335,00;OK (aprovado, sem campanha);
1470;Chardonnay Napa Valley 2021 Submission;R$265,85;OK (aprovado, sem campanha);
1313;Possessione Bianco Serégo Alighieri 2021;R$258,00;OK (aprovado, sem campanha);
1654;Château Pesquié Édition 1912 M Côtes du Ventoux 2020;R$195,00;OK (aprovado, sem campanha);
1645;Duluc de Branaire-Ducru 2016 Saint-Julien;R$703,01;OK (aprovado, sem campanha);
1613;Chardonnay Reserva Escudo Rojo 2021 Baron Philippe de Rothschild;R$235,00;OK (aprovado, sem campanha);
1709;Prunotto Fiulot Barbera d'Asti 2021;R$242,80;OK (aprovado, sem campanha);
1299;Alfa Crux Malbec 2018;R$450,00;OK (aprovado, sem campanha);
1523;Jim Barry Single Vineyard McKAY's Riesling 2020;R$355,85;OK (aprovado, sem campanha);
1792;Rocas Seña 2020;R$1.198,01;OK (aprovado, sem campanha);
1634;Bodegas Muga 'Prado Enea' Gran Reserva 2015;R$1.498,02;OK (aprovado, sem campanha);
1628;Albariño Pazo de Barrantes 2019 Marqués de Murrieta;R$854,86;OK (aprovado, sem campanha);
1218;Rosso di Montalcino D.O.C La Magia 2021;R$285,00;OK (aprovado, sem campanha);
1748;Paul Cluver Estate Chardonnay 2018 Branco;R$285,00;OK (aprovado, sem campanha);
1747;Iona Sophie Le Rouge 2021 Tinto;R$219,85;OK (aprovado, sem campanha);
1571;Clos des Lunes La Petite Blanc 2018 Bordeaux;R$265,00;OK (aprovado, sem campanha);
1400;Laurent-Perrier La Cuvée Brut;R$665,01;OK (aprovado, sem campanha);
1337;Orvieto Classico Superiore San Giovanni della Sala 2021;R$325,00;OK (aprovado, sem campanha);
1580;M.Chapoutier Tournon Shay's Flat Vineyard Cab. Sauvignon 2021;R$395,85;OK (aprovado, sem campanha);
1422;Etienne Guigal Hermitage 2018;R$1.236,01;OK (aprovado, sem campanha);
1285;Duas Quintas Reserva Branco 2021;R$394,00;OK (aprovado, sem campanha);
1702;Dow’s Vintage 1977 ‘Tappit Hen’ Porto;R$21.954,22;OK (aprovado, sem campanha);
1561;Callabriga Douro DOC 2019 Casa Ferreirinha;R$578,00;OK (aprovado, sem campanha);
1662;Quinta do Carmo Reserva Tinto 2014;R$787,01;OK (aprovado, sem campanha);
1184;Chablis A.O.C Premier Cru 2021 Louis Latour;R$568,01;OK (aprovado, sem campanha);
1544;La Massa Giorgio Primo 2009;R$1.490,01;OK (aprovado, sem campanha);
1525;Robert Mondavi Sauvignon Blanc 2019;R$598,86;OK (aprovado, sem campanha);
1760;Garzón Single Vineyard Albariño 2022;R$325,85;OK (aprovado, sem campanha);
1266;Villa Rosa Bairrada DOC Reserva Branco 2022;R$169,00;OK (aprovado, sem campanha);
1650;Château La Verrière Bordeaux Supérieur 2020;R$185,00;OK (aprovado, sem campanha);
1771;Duque de Viseu Dão DOC Branco 2018;R$195,85;OK (aprovado, sem campanha);
1351;Brunello di Montalcino Casanova di Neri Cerretalto 2016;R$5.985,06;OK (aprovado, sem campanha);
1440;Dom Pérignon Vintage 2008 Rosé;R$3.100,00;OK (aprovado, sem campanha);
1591;Champagne Taittinger Brut Prestige Rosé;R$985,01;OK (aprovado, sem campanha);
1545;Le Serre Nuove dell'Ornellaia Bolgheri DOC Rosso 2018;R$868,86;OK (aprovado, sem campanha);
1548;Grappa Riserva dell'Ornellaia Eligo;R$1.890,02;OK (aprovado, sem campanha);
1264;Cartuxa Curtimenta Branco 2018 DOC Alentejo-Èvora;R$579,01;OK (aprovado, sem campanha);
1137;Negroamaro da Puglia Il Morantino La Pruina 2020;R$235,00;OK (aprovado, sem campanha);
1316;Spiegelau Definition Burgundy 960ml Caixa c/2 Taças.;R$740,00;OK (aprovado, sem campanha);
1361;Vinho Tinto Português Cartuxa Scala Coeli Reserva 2019;R$1.278,01;OK (aprovado, sem campanha);
1685;Tapada do Chaves Branco 2022;R$378,00;OK (aprovado, sem campanha);
1658;Langhe D.O.C Nebbiollo Bric del Baio Cá del Baio 2022;R$235,00;OK (aprovado, sem campanha);
1298;Crux Cabernet Franc 2018 Valle de Uco;R$165,00;OK (aprovado, sem campanha);
1640;Château d’Ampuis Côte-Rôtie 2013 Etienne Guigal;R$2.347,02;OK (aprovado, sem campanha);
1522;Jim Barry McRAE WOOD Shiraz 2019;R$682,86;OK (aprovado, sem campanha);
1504;Gran Reserva Tarapacá Etiqueta Negra Cabernet Sauvignon 2020;R$232,85;OK (aprovado, sem campanha);
1245;"Bodegas Emilio Moro ""Malleolus""2020 Magnum";R$978,00;OK (aprovado, sem campanha);
1286;Duas Quintas Ramos Pinto Tinto 2021;R$245,00;OK (aprovado, sem campanha);
1235;Altos Ibéricos Crianza Rioja DOC 2019;R$198,00;OK (aprovado, sem campanha);
1798;Pazo de Señorans Albariño Selección de Añada 2011;R$982,00;OK (aprovado, sem campanha);
1723;Constantia Glen Three 2019 Tinto;R$645,86;OK (aprovado, sem campanha);
1631;Flor de Muga Rioja D.O Rosé 2021;R$379,00;OK (aprovado, sem campanha);
1669;Pinot Grigio delle Venezie DOC La Fiera 2022;R$109,00;OK (aprovado, sem campanha);
1306;Crux Chardonnay 2020 Bodegas Agostinos;R$185,00;OK (aprovado, sem campanha);
1546;Ornellaia Toscana IGT Bianco 2018;R$4.899,00;OK (aprovado, sem campanha);
1757;Schubert Sauvignon Blanc 2020;R$392,85;OK (aprovado, sem campanha);
1448;Penfolds Bin 389 Cabernet - Shiraz 2019;R$1.650,00;OK (aprovado, sem campanha);
1612;Cabernet Sauvignon Reserva Escudo Rojo 2020 Baron Philippe de Rothschild;R$235,00;OK (aprovado, sem campanha);
1146;"Château Montrose ""Tertio de Montrose"" 2016 Saint-Estèphe";R$550,01;OK (aprovado, sem campanha);
1694;Marqués de Riscal Baron de Chirel Reserva 2018;R$1.485,86;OK (aprovado, sem campanha);
1437;Champagne Ruinart Brut Blanc de Blancs 750ml;R$789,26;OK (aprovado, sem campanha);
1539;Haras de Pirque Hussonet Gran Reserva Cabernet Sauvignon 2019 Magnum;R$498,00;OK (aprovado, sem campanha);
1317;Spiegelau Definition Universal Glass 550ml Caixa c/2 Taças.;R$740,00;OK (aprovado, sem campanha);
1423;Etienne Guigal Côtes du Rhône Rouge 2019;R$229,00;OK (aprovado, sem campanha);
1805;Le Petit Haut Lafitte 2020 Pessac Léognan;R$750,00;OK (aprovado, sem campanha);
1353;"Louis Latour ""Gran Ardeche"" Chardonnay 2020";R$236,90;OK (aprovado, sem campanha);
1770;Quinta dos Carvalhais Colheita Branco 2018;R$265,85;OK (aprovado, sem campanha);
1129;"Barbera d’Alba Doc ""Trevigne"" 2021 Vietti";R$332,00;OK (aprovado, sem campanha);
1765;Chianti Classico Riserva DOCG 2019 IL Poggio San Felice Magnun;R$798,86;OK (aprovado, sem campanha);
1681;Herdade dos Grous Branco 2022;R$190,85;OK (aprovado, sem campanha);
1365;Vinho Tinto Reserva Alentejano EA 2020;R$189,00;OK (aprovado, sem campanha);
1791;Seña Chadwick 2022;R$1.385,00;OK (aprovado, sem campanha);
1667;Quinta da Bacalhôa Branco 2021;R$335,00;OK (aprovado, sem campanha);
1541;Haras de Pirque Chardonnay 2021;R$178,85;OK (aprovado, sem campanha);
1252;Petit Pittacum 2018 - Bodegas Pittacum;R$275,00;OK (aprovado, sem campanha);
1639;Maycas del Limari Chardonnay 2021;R$289,00;OK (aprovado, sem campanha);
1276;Galardi Terra di Lavoro IGP Campânia 2015;R$991,01;OK (aprovado, sem campanha);
1782;Penfolds Max's Shiraz-Cabernet 2018;R$398,85;OK (aprovado, sem campanha);
1582;The Footbolt Shiraz d'Arenberg 2019;R$318,85;OK (aprovado, sem campanha);
1339;Baron Phillippe Rothschild Baron Nathaniel 2017;R$439,00;OK (aprovado, sem campanha);
1710;Prunotto Bussia Vigna Colonnello Barolo Riserva 2018;R$3.659,89;OK (aprovado, sem campanha);
1186;Beaujolais-Villages 2019 Louis Latour;R$225,00;OK (aprovado, sem campanha);
1783;Penfolds Bin 28 Kalimna Shiraz 2019;R$675,86;OK (aprovado, sem campanha);
1468;Marqués de Murrieta Reserva 2018;R$486,74;OK (aprovado, sem campanha);
1257;Dona Maria Reserva Branco Amantis 2020 Alentejo;R$339,00;OK (aprovado, sem campanha);
1243;Bodegas Emilio Moro Finca Resalso 2022;R$208,00;OK (aprovado, sem campanha);
1684;Tapada do Chaves Portalegre Reserva Tinto 2016;R$378,00;OK (aprovado, sem campanha);
1794;CAIXA EUROPA C/ 6 GARRAFAS;R$1.351,00;OK (aprovado, sem campanha);
1614;Escudo Rojo Baronesa P. 2019 Baron Philippe de Rothschild;R$785,86;OK (aprovado, sem campanha);
1359;Haras de Pirque Albis 2018;R$569,01;OK (aprovado, sem campanha);
1484;Quinta do Crasto Superior Syrah 2020;R$299,00;OK (aprovado, sem campanha);
1746;Cave Geisse Brut Método Tradicional 2013 Magmun;R$775,86;OK (aprovado, sem campanha);
1164;Atlantique Maison 1982 (NV) - Bordeaux- Entre-deux-Mers;R$185,00;OK (aprovado, sem campanha);
1558;Reserva Especial Douro DOC 2009 Casa Ferreirinha;R$5.479,00;OK (aprovado, sem campanha);
1690;Viña Alberdi Reserva 2018 La Rioja Alta S.A.;R$499,00;OK (aprovado, sem campanha);
1799;Vinho Branco Português Cartuxa Scala Coeli 2021;R$415,00;OK (aprovado, sem campanha);
1288;Herdade do Esporão Quinta dos Murças VV 47 2013;R$1.069,01;OK (aprovado, sem campanha);
1759;Garzón Single Vineyard Tannat 2022;R$335,85;OK (aprovado, sem campanha);
1642;Chablis 1er Cru Beauroy La Chablisienne 2018;R$579,86;OK (aprovado, sem campanha);
1607;Dom Pérignon Brut Luminous Label 750ml;R$1.894,00;OK (aprovado, sem campanha);
1429;Veuve Clicquot Ponsardin Yellow Label Brut;R$535,00;OK (aprovado, sem campanha);
1536;Azeite Quinta de Vargellas Extra Virgem 500ml;R$158,85;OK (aprovado, sem campanha);
1302;Água Panna Sem Gás – 505ml;R$25,00;OK (aprovado, sem campanha);
1216;Argiano NC Non Confunditur Toscana IGT 2018;R$242,00;OK (aprovado, sem campanha);
1719;Montes Alpha Purple Angel 2020;R$1.565,87;OK (aprovado, sem campanha);
1801;Mâcon-Péronne Domaine du Bicheron 2022;R$275,00;OK (aprovado, sem campanha);
1284;"Herdade do Esporão ""Torre do Esporão"" Garrafeira 2017";R$3.125,03;OK (aprovado, sem campanha);
1363;Quinta do Noval Touriga Nacional 2021 - Douro;R$343,00;OK (aprovado, sem campanha);
1170;Château Le Carillon de Rouget 2018 Pomerol;R$656,01;OK (aprovado, sem campanha);
1711;Prunotto Barolo Bussia DOCG 2018;R$1.345,86;OK (aprovado, sem campanha);
1575;Cabernet Franc AltaLuvia Gualtallary 2018;R$365,00;OK (aprovado, sem campanha);
1664;Quinta do Carmo Tinto 2018;R$348,85;OK (aprovado, sem campanha);
1626;Marqués de Murrieta Dalmau Reserva 2016;R$2.990,00;OK (aprovado, sem campanha);
1395;Vinho Branco Português Cartuxa Colheita 2022;R$239,00;OK (aprovado, sem campanha);
1486;"Quinta do Crasto Reserva ""Vilhas Velhas""2021";R$479,85;OK (aprovado, sem campanha);
1145;Bordeaux Château Lamothe Vincent Réserve 2020;R$160,00;OK (aprovado, sem campanha);
1513;Opus One 2019 Napa Valley;R$5.595,91;OK (aprovado, sem campanha);
1206;"Barolo D.O.C.G ""Castiglione"" 2017 Vietti";R$1.650,00;OK (aprovado, sem campanha);
1130;"Barbera d’Alba Doc Vigna ""Scarrone"" 2020 Vietti";R$890,01;OK (aprovado, sem campanha);
1432;Moët & Chandon Grand Vintage Extra Brut 2013;R$816,76;OK (aprovado, sem campanha);
1222;Rosso di Montalcino D.O.C Argiano 2022;R$326,00;OK (aprovado, sem campanha);
1715;Montes Alpha Special Cuvée Sauvignon Blanc 2020;R$325,85;OK (aprovado, sem campanha);
1547;Poggio Alle Gazze dell'Ornellaia Toscana IGT Bianco 2019;R$1.385,01;OK (aprovado, sem campanha);
1568;Clos des Lunes d'Argent Blanc 2020 Bordeaux;R$335,00;OK (aprovado, sem campanha);
1692;Vinho Tinto Viña Ardanza Reserva 2015 - La Rioja Alta S.A. 750ml;R$878,00;OK (aprovado, sem campanha);
1277;Etna Rosso Tornatore 2018;R$256,00;OK (aprovado, sem campanha);
1197;Pinot Grigio Valdadige DOC 2021 Santa Margherita;R$220,00;OK (aprovado, sem campanha);
1435;Armand de Brignac Ace of Spades Brut Gold;R$3.766,54;OK (aprovado, sem campanha);
1315;Spiegelau Definition Champagne 250ml Caixa c/2 Taças;R$740,00;OK (aprovado, sem campanha);
1775;Vinho Quinta dos Carvalhais Encruzado 2022 Branco Dão;R$478,00;OK (aprovado, sem campanha);
1459;Marchesi Antinori Tignanello Toscana IGT 2019;R$2.099,02;OK (aprovado, sem campanha);
1743;Chianti Clássico Gran Selezione DOCG 2017 - San Felice Il Grigio;R$689,86;OK (aprovado, sem campanha);
1601;Barbi Rosso Di Montalcino DOC 2021;R$395,00;OK (aprovado, sem campanha);
1193;Côte Rôtie La Mouline 2010 Etienne Guigal;R$8.219,08;OK (aprovado, sem campanha);
1354;Herdade do Esporão Reserva Branco 2022;R$217,00;OK (aprovado, sem campanha);
1227;Beronia Verdejo Rueda D.O 2020;R$155,00;OK (aprovado, sem campanha);
1713;Prunotto Mompertone Monferrato 2018;R$345,85;OK (aprovado, sem campanha);
1623;Vinã Olabarri Crianza 2019 Rioja;R$185,00;OK (aprovado, sem campanha);
1199;Vitiano Bianco Úmbria IGP Falesco 2020;R$175,00;OK (aprovado, sem campanha);
1493;Herdade do Esporao Private Selection Alentejo Tinto 2016;R$825,01;OK (aprovado, sem campanha);
1128;Moscato d'Asti D.O.C.G 2022 Vietti Frisante;R$315,00;OK (aprovado, sem campanha);
1063;Est Est Est di Montefiascone DOP 'Le Pòggere' Falesco 2019;R$176,00;OK (aprovado, sem campanha);
1304;Achaval Ferrer Cabernet Sauvignon 2019;R$232,00;OK (aprovado, sem campanha);
1790;Vinho Epu Almaviva 2022 Tinto Blend Puente Alto;R$576,00;OK (aprovado, sem campanha);
1624;Marqués de Murrieta Gran Reserva 2014;R$1.099,01;OK (aprovado, sem campanha);
1666;Quinta da Bacalhôa Centenarium 2015;R$1.499,02;OK (aprovado, sem campanha);
1772;Quinta dos Carvalhais Colheita Tinto 2019;R$268,85;OK (aprovado, sem campanha);
1806;Château de Rochemorin 2020 Pessac-Léognan;R$545,00;OK (aprovado, sem campanha);
1278;Brunello di Montalcino DOCG IL Poggione 2018 Magnun;R$1.805,02;OK (aprovado, sem campanha);
1485;Xisto Roquette & Cazes Douro D.O.C 2018;R$1.298,86;OK (aprovado, sem campanha);
1155;"Louis Jadot Corton-Charlemagne Grand Cru ""Domaine des Heritiers"" 2018";R$5.903,06;OK (aprovado, sem campanha);
1761;Marichal Grand Reserve Tannat “A” 2018;R$285,85;OK (aprovado, sem campanha);
1565;Planalto Reserva Douro DOC 2019 Casa Ferreirinha;R$211,00;OK (aprovado, sem campanha);
1670;Herdade dos Grous Reserva Tinto Alentejo 2020;R$565,01;OK (aprovado, sem campanha);
1258;Dona Maria Reserva Tinto Amantis 2019;R$339,00;OK (aprovado, sem campanha);
1687;Tapada do Chaves Vinhas Velhas Branco 2019;R$785,86;OK (aprovado, sem campanha);
